{"chunk_definitions":[{"row":6,"row_count":1,"visible":true,"expansion_state":0,"options":{"engine":"r","label":"unnamed-chunk-1"},"document_id":"85E19F93","chunk_id":"c4xpcht0a2ml1","chunk_label":"unnamed-chunk-1"},{"row":12,"row_count":1,"visible":true,"expansion_state":0,"options":{"engine":"r","label":"unnamed-chunk-2"},"document_id":"85E19F93","chunk_id":"cqk7cqgabtvy0","chunk_label":"unnamed-chunk-2"},{"row":21,"row_count":1,"visible":true,"expansion_state":0,"options":{"engine":"r","label":"unnamed-chunk-3"},"document_id":"85E19F93","chunk_id":"cgyyu6polxuhg","chunk_label":"unnamed-chunk-3"},{"row":38,"row_count":1,"visible":true,"expansion_state":0,"options":{"engine":"r","label":"unnamed-chunk-4"},"document_id":"85E19F93","chunk_id":"cbs3okhhchn1p","chunk_label":"unnamed-chunk-4"},{"row":54,"row_count":1,"visible":true,"expansion_state":0,"options":{"engine":"r","label":"unnamed-chunk-5"},"document_id":"85E19F93","chunk_id":"cgmedhll5yzok","chunk_label":"unnamed-chunk-5"},{"row":76,"row_count":1,"visible":true,"expansion_state":0,"options":{"engine":"r","label":"unnamed-chunk-7"},"document_id":"85E19F93","chunk_id":"ctifqc5kiz3pk","chunk_label":"unnamed-chunk-6"},{"row":96,"row_count":1,"visible":true,"expansion_state":0,"options":{"engine":"r","label":"unnamed-chunk-11"},"document_id":"85E19F93","chunk_id":"ca577d96a6uap","chunk_label":"unnamed-chunk-7"},{"row":116,"row_count":1,"visible":true,"expansion_state":0,"options":{"engine":"r","label":"unnamed-chunk-13"},"document_id":"85E19F93","chunk_id":"ctse8lrxaycod","chunk_label":"unnamed-chunk-8"}],"doc_write_time":1665542490}