{"chunk_definitions":[{"row":11,"row_count":1,"visible":true,"expansion_state":0,"options":{"engine":"r","label":"unnamed-chunk-83"},"document_id":"10659FB7","chunk_id":"cnvz4dus69wn5","chunk_label":"unnamed-chunk-1"},{"row":15,"row_count":1,"visible":true,"expansion_state":0,"options":{"engine":"r","label":"unnamed-chunk-84"},"document_id":"10659FB7","chunk_id":"cy1phuerjhrez","chunk_label":"unnamed-chunk-2"},{"row":19,"row_count":1,"visible":true,"expansion_state":0,"options":{"engine":"r","label":"unnamed-chunk-85"},"document_id":"10659FB7","chunk_id":"cgt12stxznrc0","chunk_label":"unnamed-chunk-3"},{"row":25,"row_count":1,"visible":true,"expansion_state":0,"options":{"engine":"r","label":"unnamed-chunk-86"},"document_id":"10659FB7","chunk_id":"cnwv9ttum1y6z","chunk_label":"unnamed-chunk-4"},{"row":29,"row_count":1,"visible":true,"expansion_state":0,"options":{"engine":"r","label":"unnamed-chunk-87"},"document_id":"10659FB7","chunk_id":"cx6p6yzxj7yl7","chunk_label":"unnamed-chunk-5"},{"row":37,"row_count":1,"visible":true,"expansion_state":0,"options":{"engine":"r","label":"unnamed-chunk-88"},"document_id":"10659FB7","chunk_id":"c65kbwru0n6ef","chunk_label":"unnamed-chunk-6"},{"row":44,"row_count":1,"visible":true,"expansion_state":0,"options":{"engine":"r","label":"unnamed-chunk-89"},"document_id":"10659FB7","chunk_id":"cqaqjdvcfjbm8","chunk_label":"unnamed-chunk-7"},{"row":56,"row_count":1,"visible":true,"expansion_state":0,"options":{"engine":"r","label":"unnamed-chunk-90"},"document_id":"10659FB7","chunk_id":"cjr389poxtm7l","chunk_label":"unnamed-chunk-8"},{"row":69,"row_count":1,"visible":true,"expansion_state":0,"options":{"engine":"r","label":"unnamed-chunk-91"},"document_id":"10659FB7","chunk_id":"chuymw49o4803","chunk_label":"unnamed-chunk-9"},{"row":73,"row_count":1,"visible":true,"expansion_state":0,"options":{"engine":"r","label":"unnamed-chunk-92"},"document_id":"10659FB7","chunk_id":"cj4rqwb4493co","chunk_label":"unnamed-chunk-10"},{"row":88,"row_count":1,"visible":true,"expansion_state":0,"options":{"engine":"r","label":"unnamed-chunk-98"},"document_id":"10659FB7","chunk_id":"c06wmbvb3jb3n","chunk_label":"unnamed-chunk-11"},{"row":93,"row_count":1,"visible":true,"expansion_state":0,"options":{"engine":"r","label":"unnamed-chunk-99"},"document_id":"10659FB7","chunk_id":"c5rgjyq8g81rk","chunk_label":"unnamed-chunk-12"},{"row":100,"row_count":1,"visible":true,"expansion_state":0,"options":{"engine":"r","label":"unnamed-chunk-100"},"document_id":"10659FB7","chunk_id":"crekniex9mol1","chunk_label":"unnamed-chunk-13"},{"row":105,"row_count":1,"visible":true,"expansion_state":0,"options":{"engine":"r","label":"unnamed-chunk-96"},"document_id":"10659FB7","chunk_id":"cycu73zgkbvpl","chunk_label":"unnamed-chunk-14"},{"row":108,"row_count":1,"visible":true,"expansion_state":0,"options":{"engine":"r","label":"unnamed-chunk-97"},"document_id":"10659FB7","chunk_id":"cra02ke4de2tj","chunk_label":"unnamed-chunk-15"}],"doc_write_time":1665964405}