{"chunk_definitions":[{"row":10,"row_count":1,"visible":true,"expansion_state":0,"options":{"engine":"r","label":"unnamed-chunk-103"},"document_id":"5C43976D","chunk_id":"cqg1qurlhj09o","chunk_label":"unnamed-chunk-1"},{"row":30,"row_count":1,"visible":true,"expansion_state":0,"options":{"engine":"r","label":"unnamed-chunk-104"},"document_id":"5C43976D","chunk_id":"c1x2asihrnkqa","chunk_label":"unnamed-chunk-2"},{"row":35,"row_count":1,"visible":true,"expansion_state":0,"options":{},"document_id":"5C43976D","chunk_id":"c6lpopammfh40","chunk_label":"unnamed-chunk-3"},{"row":41,"row_count":1,"visible":true,"expansion_state":0,"options":{},"document_id":"5C43976D","chunk_id":"c5rlzwf6p9wlr","chunk_label":"unnamed-chunk-4"},{"row":45,"row_count":1,"visible":true,"expansion_state":0,"options":{},"document_id":"5C43976D","chunk_id":"ckey0rodsrkv6","chunk_label":"unnamed-chunk-5"},{"row":57,"row_count":1,"visible":true,"expansion_state":0,"options":{},"document_id":"5C43976D","chunk_id":"cll05k08n6hxn","chunk_label":"unnamed-chunk-6"},{"row":67,"row_count":1,"visible":true,"expansion_state":0,"options":{},"document_id":"5C43976D","chunk_id":"cjo5r58989h6y","chunk_label":"unnamed-chunk-7"},{"row":70,"row_count":1,"visible":true,"expansion_state":0,"options":{},"document_id":"5C43976D","chunk_id":"c3brhcidnrt0p","chunk_label":"unnamed-chunk-8"}],"doc_write_time":1665964949}