{"chunk_definitions":[{"row":10,"row_count":1,"visible":true,"expansion_state":0,"options":{"engine":"r","label":"unnamed-chunk-61"},"document_id":"4D262A6B","chunk_id":"c75xnwv750ipu","chunk_label":"unnamed-chunk-1"},{"row":31,"row_count":1,"visible":true,"expansion_state":0,"options":{"engine":"r","label":"unnamed-chunk-62"},"document_id":"4D262A6B","chunk_id":"c7nxupa0utj63","chunk_label":"unnamed-chunk-2"},{"row":35,"row_count":1,"visible":true,"expansion_state":0,"options":{"engine":"r","label":"unnamed-chunk-63"},"document_id":"4D262A6B","chunk_id":"ce8e98qb8dk7b","chunk_label":"unnamed-chunk-3"},{"row":45,"row_count":1,"visible":true,"expansion_state":0,"options":{"engine":"r","label":"unnamed-chunk-65"},"document_id":"4D262A6B","chunk_id":"cl9huf9ug47aa","chunk_label":"unnamed-chunk-5"},{"row":50,"row_count":1,"visible":true,"expansion_state":0,"options":{"engine":"r","label":"unnamed-chunk-66"},"document_id":"4D262A6B","chunk_id":"cenpnfay5rbul","chunk_label":"unnamed-chunk-6"},{"row":41,"row_count":1,"visible":true,"expansion_state":0,"options":{"engine":"r","label":"unnamed-chunk-64"},"document_id":"4D262A6B","chunk_id":"cikmxx6t5m2en","chunk_label":"unnamed-chunk-4"}],"doc_write_time":1665967830}