{"chunk_definitions":[{"row":10,"row_count":1,"visible":true,"expansion_state":0,"options":{"engine":"r","label":"unnamed-chunk-30"},"document_id":"5C43976D","chunk_id":"c1l8mj77yqdc6","chunk_label":"unnamed-chunk-1"},{"row":17,"row_count":1,"visible":true,"expansion_state":0,"options":{"engine":"r","label":"unnamed-chunk-44"},"document_id":"5C43976D","chunk_id":"c7ffr7plg02wu","chunk_label":"unnamed-chunk-2"},{"row":21,"row_count":1,"visible":true,"expansion_state":0,"options":{"engine":"r","label":"unnamed-chunk-45"},"document_id":"5C43976D","chunk_id":"c2qfwuy91pjs7","chunk_label":"unnamed-chunk-3"},{"row":27,"row_count":1,"visible":true,"expansion_state":0,"options":{"engine":"r","label":"unnamed-chunk-52"},"document_id":"5C43976D","chunk_id":"cg1pbvmx4m3sb","chunk_label":"unnamed-chunk-4"},{"row":31,"row_count":1,"visible":true,"expansion_state":0,"options":{"engine":"r","label":"unnamed-chunk-53"},"document_id":"5C43976D","chunk_id":"ck2eg39vox3b2","chunk_label":"unnamed-chunk-5"},{"row":35,"row_count":1,"visible":true,"expansion_state":0,"options":{"engine":"r","label":"unnamed-chunk-54"},"document_id":"5C43976D","chunk_id":"cuf8kerortyop","chunk_label":"unnamed-chunk-6"}],"doc_write_time":1665967667,"chunk_rendered_width":700}