{"chunk_definitions":[{"row":10,"row_count":1,"visible":true,"expansion_state":0,"options":{"engine":"r","label":"unnamed-chunk-55"},"document_id":"4D262A6B","chunk_id":"cn0x64vmr8tfa","chunk_label":"unnamed-chunk-1"},{"row":31,"row_count":1,"visible":true,"expansion_state":0,"options":{"engine":"r","label":"unnamed-chunk-56"},"document_id":"4D262A6B","chunk_id":"cdr9gq83dft9a","chunk_label":"unnamed-chunk-2"},{"row":35,"row_count":1,"visible":true,"expansion_state":0,"options":{"engine":"r","label":"unnamed-chunk-57"},"document_id":"4D262A6B","chunk_id":"cmm634imwn8qu","chunk_label":"unnamed-chunk-3"},{"row":45,"row_count":1,"visible":true,"expansion_state":0,"options":{"engine":"r","label":"unnamed-chunk-60"},"document_id":"4D262A6B","chunk_id":"ch1xglkn3pisv","chunk_label":"unnamed-chunk-5"},{"row":41,"row_count":1,"visible":true,"expansion_state":0,"options":{"engine":"r","label":"unnamed-chunk-59"},"document_id":"4D262A6B","chunk_id":"cstm7kiyt7vmy","chunk_label":"unnamed-chunk-4"}],"doc_write_time":1665875270}